Track,TestCase,Matcher,Label Left,Comment Left,Type Left,URI Left,Relation,Confidence (Matcher),URI Right,Label Right,Comment Right,Type Right,Residual True Positive,Evaluation Result
knowledgegraph,nell-dbpedia,MatcherHTTPCall,"[""nonprofitorganization""]",[],"[""owl:Class"",""rdfs:Class""]",http://rtw.ml.cmu.edu/rtw/kbbrowser/pred:nonprofitorganization,=,1.0,http://dbpedia.org/ontology/District,"[""District""]",[],"[""owl:Class"",""rdfs:Class""]",false,false positive
knowledgegraph,nell-dbpedia,MatcherHTTPCall,"[""musicgenre""]",[],"[""owl:Class"",""rdfs:Class""]",http://rtw.ml.cmu.edu/rtw/kbbrowser/pred:musicgenre,=,0.0,http://dbpedia.org/ontology/MusicGenre,"[""MusicGenre""]",[],"[""owl:Class"",""rdfs:Class""]",true,false negative
knowledgegraph,nell-dbpedia,MatcherHTTPCall,"[""river""]",[],"[""owl:Class"",""rdfs:Class""]",http://rtw.ml.cmu.edu/rtw/kbbrowser/pred:river,=,1.0,http://dbpedia.org/ontology/River,"[""River""]",[],"[""owl:Class"",""rdfs:Class""]",false,true positive
knowledgegraph,nell-dbpedia,MatcherHTTPCall,"[""architect""]",[],"[""owl:Class"",""rdfs:Class""]",http://rtw.ml.cmu.edu/rtw/kbbrowser/pred:architect,=,1.0,http://dbpedia.org/ontology/Architect,"[""Architect""]",[],"[""owl:Class"",""rdfs:Class""]",false,true positive
knowledgegraph,nell-dbpedia,MatcherHTTPCall,"[""musicinstrument""]",[],"[""owl:Class"",""rdfs:Class""]",http://rtw.ml.cmu.edu/rtw/kbbrowser/pred:musicinstrument,=,1.0,http://dbpedia.org/ontology/Instrumentalist,"[""Instrumentalist""]",[],"[""owl:Class"",""rdfs:Class""]",false,false positive
knowledgegraph,nell-dbpedia,MatcherHTTPCall,"[""militaryconflict""]",[],"[""owl:Class"",""rdfs:Class""]",http://rtw.ml.cmu.edu/rtw/kbbrowser/pred:militaryconflict,=,1.0,http://dbpedia.org/ontology/MilitaryConflict,"[""MilitaryConflict""]",[],"[""owl:Class"",""rdfs:Class""]",true,true positive
knowledgegraph,nell-dbpedia,MatcherHTTPCall,"[""currency""]",[],"[""owl:Class"",""rdfs:Class""]",http://rtw.ml.cmu.edu/rtw/kbbrowser/pred:currency,=,1.0,http://dbpedia.org/ontology/Currency,"[""Currency""]",[],"[""owl:Class"",""rdfs:Class""]",false,true positive
knowledgegraph,nell-dbpedia,MatcherHTTPCall,"[""programminglanguage""]",[],"[""owl:Class"",""rdfs:Class""]",http://rtw.ml.cmu.edu/rtw/kbbrowser/pred:programminglanguage,=,1.0,http://dbpedia.org/ontology/ProgrammingLanguage,"[""ProgrammingLanguage""]",[],"[""owl:Class"",""rdfs:Class""]",true,true positive
knowledgegraph,nell-dbpedia,MatcherHTTPCall,"[""recordlabel""]",[],"[""owl:Class"",""rdfs:Class""]",http://rtw.ml.cmu.edu/rtw/kbbrowser/pred:recordlabel,=,1.0,http://dbpedia.org/ontology/RecordLabel,"[""RecordLabel""]",[],"[""owl:Class"",""rdfs:Class""]",true,true positive
knowledgegraph,nell-dbpedia,MatcherHTTPCall,"[""race""]",[],"[""owl:Class"",""rdfs:Class""]",http://rtw.ml.cmu.edu/rtw/kbbrowser/pred:race,=,1.0,http://dbpedia.org/ontology/Race,"[""Race""]",[],"[""owl:Class"",""rdfs:Class""]",false,true positive
knowledgegraph,nell-dbpedia,MatcherHTTPCall,"[""cheese""]",[],"[""owl:Class"",""rdfs:Class""]",http://rtw.ml.cmu.edu/rtw/kbbrowser/pred:cheese,=,1.0,http://dbpedia.org/ontology/Cheese,"[""Cheese""]",[],"[""owl:Class"",""rdfs:Class""]",false,true positive
knowledgegraph,nell-dbpedia,MatcherHTTPCall,"[""mammal""]",[],"[""owl:Class"",""rdfs:Class""]",http://rtw.ml.cmu.edu/rtw/kbbrowser/pred:mammal,=,1.0,http://dbpedia.org/ontology/Mammal,"[""Mammal""]",[],"[""owl:Class"",""rdfs:Class""]",false,true positive
knowledgegraph,nell-dbpedia,MatcherHTTPCall,"[""monument""]",[],"[""owl:Class"",""rdfs:Class""]",http://rtw.ml.cmu.edu/rtw/kbbrowser/pred:monument,=,1.0,http://dbpedia.org/ontology/Monument,"[""Monument""]",[],"[""owl:Class"",""rdfs:Class""]",false,true positive
knowledgegraph,nell-dbpedia,MatcherHTTPCall,"[""director""]",[],"[""owl:Class"",""rdfs:Class""]",http://rtw.ml.cmu.edu/rtw/kbbrowser/pred:director,=,1.0,http://dbpedia.org/ontology/MovieDirector,"[""MovieDirector""]",[],"[""owl:Class"",""rdfs:Class""]",true,true positive
knowledgegraph,nell-dbpedia,MatcherHTTPCall,"[""professor""]",[],"[""owl:Class"",""rdfs:Class""]",http://rtw.ml.cmu.edu/rtw/kbbrowser/pred:professor,=,1.0,http://dbpedia.org/ontology/Professor,"[""Professor""]",[],"[""owl:Class"",""rdfs:Class""]",false,true positive
knowledgegraph,nell-dbpedia,MatcherHTTPCall,"[""protein""]",[],"[""owl:Class"",""rdfs:Class""]",http://rtw.ml.cmu.edu/rtw/kbbrowser/pred:protein,=,1.0,http://dbpedia.org/ontology/Protein,"[""Protein""]",[],"[""owl:Class"",""rdfs:Class""]",false,true positive
knowledgegraph,nell-dbpedia,MatcherHTTPCall,"[""mollusk""]",[],"[""owl:Class"",""rdfs:Class""]",http://rtw.ml.cmu.edu/rtw/kbbrowser/pred:mollusk,=,1.0,http://dbpedia.org/ontology/Mollusca,"[""Mollusca""]",[],"[""owl:Class"",""rdfs:Class""]",true,true positive
knowledgegraph,nell-dbpedia,MatcherHTTPCall,"[""bacteria""]",[],"[""owl:Class"",""rdfs:Class""]",http://rtw.ml.cmu.edu/rtw/kbbrowser/pred:bacteria,=,1.0,http://dbpedia.org/ontology/Bacteria,"[""Bacteria""]",[],"[""owl:Class"",""rdfs:Class""]",false,true positive
knowledgegraph,nell-dbpedia,MatcherHTTPCall,"[""shoppingmall""]",[],"[""owl:Class"",""rdfs:Class""]",http://rtw.ml.cmu.edu/rtw/kbbrowser/pred:shoppingmall,=,1.0,http://dbpedia.org/ontology/ShoppingMall,"[""ShoppingMall""]",[],"[""owl:Class"",""rdfs:Class""]",true,true positive
knowledgegraph,nell-dbpedia,MatcherHTTPCall,"[""hobby""]",[],"[""owl:Class"",""rdfs:Class""]",http://rtw.ml.cmu.edu/rtw/kbbrowser/pred:hobby,=,0.0,http://dbpedia.org/ontology/Activity,"[""Activity""]",[],"[""owl:Class"",""rdfs:Class""]",true,false negative
knowledgegraph,nell-dbpedia,MatcherHTTPCall,"[""model""]",[],"[""owl:Class"",""rdfs:Class""]",http://rtw.ml.cmu.edu/rtw/kbbrowser/pred:model,=,1.0,http://dbpedia.org/ontology/Model,"[""Model""]",[],"[""owl:Class"",""rdfs:Class""]",false,true positive
knowledgegraph,nell-dbpedia,MatcherHTTPCall,"[""automobileengine""]",[],"[""owl:Class"",""rdfs:Class""]",http://rtw.ml.cmu.edu/rtw/kbbrowser/pred:automobileengine,=,0.0,http://dbpedia.org/ontology/AutomobileEngine,"[""AutomobileEngine""]",[],"[""owl:Class"",""rdfs:Class""]",true,false negative
knowledgegraph,nell-dbpedia,MatcherHTTPCall,"[""beverage""]",[],"[""owl:Class"",""rdfs:Class""]",http://rtw.ml.cmu.edu/rtw/kbbrowser/pred:beverage,=,1.0,http://dbpedia.org/ontology/Beverage,"[""Beverage""]",[],"[""owl:Class"",""rdfs:Class""]",false,true positive
knowledgegraph,nell-dbpedia,MatcherHTTPCall,"[""chemical""]",[],"[""owl:Class"",""rdfs:Class""]",http://rtw.ml.cmu.edu/rtw/kbbrowser/pred:chemical,=,1.0,http://dbpedia.org/ontology/ChemicalSubstance,"[""ChemicalSubstance""]",[],"[""owl:Class"",""rdfs:Class""]",true,true positive
knowledgegraph,nell-dbpedia,MatcherHTTPCall,"[""weatherphenomenon""]",[],"[""owl:Class"",""rdfs:Class""]",http://rtw.ml.cmu.edu/rtw/kbbrowser/pred:weatherphenomenon,=,1.0,http://dbpedia.org/ontology/Instrument,"[""Instrument""]",[],"[""owl:Class"",""rdfs:Class""]",false,false positive
knowledgegraph,nell-dbpedia,MatcherHTTPCall,"[""vehicle""]",[],"[""owl:Class"",""rdfs:Class""]",http://rtw.ml.cmu.edu/rtw/kbbrowser/pred:vehicle,=,1.0,http://dbpedia.org/ontology/AutomobileEngine,"[""AutomobileEngine""]",[],"[""owl:Class"",""rdfs:Class""]",false,false positive
knowledgegraph,nell-dbpedia,MatcherHTTPCall,"[""year""]",[],"[""owl:Class"",""rdfs:Class""]",http://rtw.ml.cmu.edu/rtw/kbbrowser/pred:year,=,1.0,http://dbpedia.org/ontology/Year,"[""Year""]",[],"[""owl:Class"",""rdfs:Class""]",false,true positive
knowledgegraph,nell-dbpedia,MatcherHTTPCall,"[""bombingevent""]",[],"[""owl:Class"",""rdfs:Class""]",http://rtw.ml.cmu.edu/rtw/kbbrowser/pred:bombingevent,=,1.0,http://dbpedia.org/ontology/Attack,"[""Attack""]",[],"[""owl:Class"",""rdfs:Class""]",true,true positive
knowledgegraph,nell-dbpedia,MatcherHTTPCall,"[""skyscraper""]",[],"[""owl:Class"",""rdfs:Class""]",http://rtw.ml.cmu.edu/rtw/kbbrowser/pred:skyscraper,=,1.0,http://dbpedia.org/ontology/Skyscraper,"[""Skyscraper""]",[],"[""owl:Class"",""rdfs:Class""]",false,true positive
knowledgegraph,nell-dbpedia,MatcherHTTPCall,"[""radiostation""]",[],"[""owl:Class"",""rdfs:Class""]",http://rtw.ml.cmu.edu/rtw/kbbrowser/pred:radiostation,=,1.0,http://dbpedia.org/ontology/RadioStation,"[""RadioStation""]",[],"[""owl:Class"",""rdfs:Class""]",true,true positive
knowledgegraph,nell-dbpedia,MatcherHTTPCall,"[""musicinstrument""]",[],"[""owl:Class"",""rdfs:Class""]",http://rtw.ml.cmu.edu/rtw/kbbrowser/pred:musicinstrument,=,0.0,http://dbpedia.org/ontology/Instrument,"[""Instrument""]",[],"[""owl:Class"",""rdfs:Class""]",true,false negative
knowledgegraph,nell-dbpedia,MatcherHTTPCall,"[""fish""]",[],"[""owl:Class"",""rdfs:Class""]",http://rtw.ml.cmu.edu/rtw/kbbrowser/pred:fish,=,1.0,http://dbpedia.org/ontology/Fish,"[""Fish""]",[],"[""owl:Class"",""rdfs:Class""]",false,true positive
knowledgegraph,nell-dbpedia,MatcherHTTPCall,"[""island""]",[],"[""owl:Class"",""rdfs:Class""]",http://rtw.ml.cmu.edu/rtw/kbbrowser/pred:island,=,1.0,http://dbpedia.org/ontology/Island,"[""Island""]",[],"[""owl:Class"",""rdfs:Class""]",false,true positive
knowledgegraph,nell-dbpedia,MatcherHTTPCall,"[""language""]",[],"[""owl:Class"",""rdfs:Class""]",http://rtw.ml.cmu.edu/rtw/kbbrowser/pred:language,=,1.0,http://dbpedia.org/ontology/Language,"[""Language""]",[],"[""owl:Class"",""rdfs:Class""]",false,true positive
knowledgegraph,nell-dbpedia,MatcherHTTPCall,"[""publication""]",[],"[""owl:Class"",""rdfs:Class""]",http://rtw.ml.cmu.edu/rtw/kbbrowser/pred:publication,=,1.0,http://dbpedia.org/ontology/AcademicSubject,"[""AcademicSubject""]",[],"[""owl:Class"",""rdfs:Class""]",false,false positive
knowledgegraph,nell-dbpedia,MatcherHTTPCall,"[""university""]",[],"[""owl:Class"",""rdfs:Class""]",http://rtw.ml.cmu.edu/rtw/kbbrowser/pred:university,=,1.0,http://dbpedia.org/ontology/University,"[""University""]",[],"[""owl:Class"",""rdfs:Class""]",false,true positive
knowledgegraph,nell-dbpedia,MatcherHTTPCall,"[""airport""]",[],"[""owl:Class"",""rdfs:Class""]",http://rtw.ml.cmu.edu/rtw/kbbrowser/pred:airport,=,1.0,http://dbpedia.org/ontology/Airport,"[""Airport""]",[],"[""owl:Class"",""rdfs:Class""]",false,true positive
knowledgegraph,nell-dbpedia,MatcherHTTPCall,"[""reptile""]",[],"[""owl:Class"",""rdfs:Class""]",http://rtw.ml.cmu.edu/rtw/kbbrowser/pred:reptile,=,1.0,http://dbpedia.org/ontology/Reptile,"[""Reptile""]",[],"[""owl:Class"",""rdfs:Class""]",false,true positive
knowledgegraph,nell-dbpedia,MatcherHTTPCall,"[""street""]",[],"[""owl:Class"",""rdfs:Class""]",http://rtw.ml.cmu.edu/rtw/kbbrowser/pred:street,=,1.0,http://dbpedia.org/ontology/Street,"[""Street""]",[],"[""owl:Class"",""rdfs:Class""]",false,true positive
knowledgegraph,nell-dbpedia,MatcherHTTPCall,"[""lymphnode""]",[],"[""owl:Class"",""rdfs:Class""]",http://rtw.ml.cmu.edu/rtw/kbbrowser/pred:lymphnode,=,1.0,http://dbpedia.org/ontology/Lymph,"[""Lymph""]",[],"[""owl:Class"",""rdfs:Class""]",true,true positive
knowledgegraph,nell-dbpedia,MatcherHTTPCall,"[""planet""]",[],"[""owl:Class"",""rdfs:Class""]",http://rtw.ml.cmu.edu/rtw/kbbrowser/pred:planet,=,1.0,http://dbpedia.org/ontology/Planet,"[""Planet""]",[],"[""owl:Class"",""rdfs:Class""]",false,true positive
knowledgegraph,nell-dbpedia,MatcherHTTPCall,"[""researchproject""]",[],"[""owl:Class"",""rdfs:Class""]",http://rtw.ml.cmu.edu/rtw/kbbrowser/pred:researchproject,=,1.0,http://dbpedia.org/ontology/ResearchProject,"[""ResearchProject""]",[],"[""owl:Class"",""rdfs:Class""]",true,true positive
knowledgegraph,nell-dbpedia,MatcherHTTPCall,"[""judge""]",[],"[""owl:Class"",""rdfs:Class""]",http://rtw.ml.cmu.edu/rtw/kbbrowser/pred:judge,=,1.0,http://dbpedia.org/ontology/Judge,"[""Judge""]",[],"[""owl:Class"",""rdfs:Class""]",false,true positive
knowledgegraph,nell-dbpedia,MatcherHTTPCall,"[""mountainrange""]",[],"[""owl:Class"",""rdfs:Class""]",http://rtw.ml.cmu.edu/rtw/kbbrowser/pred:mountainrange,=,1.0,http://dbpedia.org/ontology/MountainRange,"[""MountainRange""]",[],"[""owl:Class"",""rdfs:Class""]",true,true positive
knowledgegraph,nell-dbpedia,MatcherHTTPCall,"[""tradeunion""]",[],"[""owl:Class"",""rdfs:Class""]",http://rtw.ml.cmu.edu/rtw/kbbrowser/pred:tradeunion,=,1.0,http://dbpedia.org/ontology/TradeUnion,"[""TradeUnion""]",[],"[""owl:Class"",""rdfs:Class""]",true,true positive
knowledgegraph,nell-dbpedia,MatcherHTTPCall,"[""coach""]",[],"[""owl:Class"",""rdfs:Class""]",http://rtw.ml.cmu.edu/rtw/kbbrowser/pred:coach,=,1.0,http://dbpedia.org/ontology/Coach,"[""Coach""]",[],"[""owl:Class"",""rdfs:Class""]",false,true positive
knowledgegraph,nell-dbpedia,MatcherHTTPCall,"[""filmfestival""]",[],"[""owl:Class"",""rdfs:Class""]",http://rtw.ml.cmu.edu/rtw/kbbrowser/pred:filmfestival,=,1.0,http://dbpedia.org/ontology/FilmFestival,"[""FilmFestival""]",[],"[""owl:Class"",""rdfs:Class""]",true,true positive
knowledgegraph,nell-dbpedia,MatcherHTTPCall,"[""profession""]",[],"[""owl:Class"",""rdfs:Class""]",http://rtw.ml.cmu.edu/rtw/kbbrowser/pred:profession,=,1.0,http://dbpedia.org/ontology/Profession,"[""Profession""]",[],"[""owl:Class"",""rdfs:Class""]",false,true positive
knowledgegraph,nell-dbpedia,MatcherHTTPCall,"[""visualartform""]",[],"[""owl:Class"",""rdfs:Class""]",http://rtw.ml.cmu.edu/rtw/kbbrowser/pred:visualartform,=,1.0,http://dbpedia.org/ontology/Activity,"[""Activity""]",[],"[""owl:Class"",""rdfs:Class""]",false,false positive
knowledgegraph,nell-dbpedia,MatcherHTTPCall,"[""astronaut""]",[],"[""owl:Class"",""rdfs:Class""]",http://rtw.ml.cmu.edu/rtw/kbbrowser/pred:astronaut,=,1.0,http://dbpedia.org/ontology/Astronaut,"[""Astronaut""]",[],"[""owl:Class"",""rdfs:Class""]",false,true positive
knowledgegraph,nell-dbpedia,MatcherHTTPCall,"[""boardgame""]",[],"[""owl:Class"",""rdfs:Class""]",http://rtw.ml.cmu.edu/rtw/kbbrowser/pred:boardgame,=,1.0,http://dbpedia.org/ontology/BoardGame,"[""BoardGame""]",[],"[""owl:Class"",""rdfs:Class""]",true,true positive
knowledgegraph,nell-dbpedia,MatcherHTTPCall,"[""magazine""]",[],"[""owl:Class"",""rdfs:Class""]",http://rtw.ml.cmu.edu/rtw/kbbrowser/pred:magazine,=,1.0,http://dbpedia.org/ontology/Magazine,"[""Magazine""]",[],"[""owl:Class"",""rdfs:Class""]",false,true positive
knowledgegraph,nell-dbpedia,MatcherHTTPCall,"[""city""]",[],"[""owl:Class"",""rdfs:Class""]",http://rtw.ml.cmu.edu/rtw/kbbrowser/pred:city,=,1.0,http://dbpedia.org/ontology/City,"[""City""]",[],"[""owl:Class"",""rdfs:Class""]",false,true positive
knowledgegraph,nell-dbpedia,MatcherHTTPCall,"[""politicsissue""]",[],"[""owl:Class"",""rdfs:Class""]",http://rtw.ml.cmu.edu/rtw/kbbrowser/pred:politicsissue,=,0.0,http://dbpedia.org/ontology/PoliticalConcepts,"[""PoliticalConcepts""]",[],"[""owl:Class"",""rdfs:Class""]",true,false negative
knowledgegraph,nell-dbpedia,MatcherHTTPCall,"[""televisionstation""]",[],"[""owl:Class"",""rdfs:Class""]",http://rtw.ml.cmu.edu/rtw/kbbrowser/pred:televisionstation,=,0.0,http://dbpedia.org/ontology/TelevisionStation,"[""TelevisionStation""]",[],"[""owl:Class"",""rdfs:Class""]",true,false negative
knowledgegraph,nell-dbpedia,MatcherHTTPCall,"[""monarch""]",[],"[""owl:Class"",""rdfs:Class""]",http://rtw.ml.cmu.edu/rtw/kbbrowser/pred:monarch,=,1.0,http://dbpedia.org/ontology/Monarch,"[""Monarch""]",[],"[""owl:Class"",""rdfs:Class""]",false,true positive
knowledgegraph,nell-dbpedia,MatcherHTTPCall,"[""color""]",[],"[""owl:Class"",""rdfs:Class""]",http://rtw.ml.cmu.edu/rtw/kbbrowser/pred:color,=,1.0,http://dbpedia.org/ontology/Colour,"[""Colour""]",[],"[""owl:Class"",""rdfs:Class""]",true,true positive
knowledgegraph,nell-dbpedia,MatcherHTTPCall,"[""website""]",[],"[""owl:Class"",""rdfs:Class""]",http://rtw.ml.cmu.edu/rtw/kbbrowser/pred:website,=,1.0,http://dbpedia.org/ontology/Website,"[""Website""]",[],"[""owl:Class"",""rdfs:Class""]",false,true positive
knowledgegraph,nell-dbpedia,MatcherHTTPCall,"[""politician""]",[],"[""owl:Class"",""rdfs:Class""]",http://rtw.ml.cmu.edu/rtw/kbbrowser/pred:politician,=,1.0,http://dbpedia.org/ontology/Politician,"[""Politician""]",[],"[""owl:Class"",""rdfs:Class""]",false,true positive
knowledgegraph,nell-dbpedia,MatcherHTTPCall,"[""port""]",[],"[""owl:Class"",""rdfs:Class""]",http://rtw.ml.cmu.edu/rtw/kbbrowser/pred:port,=,1.0,http://dbpedia.org/ontology/Port,"[""Port""]",[],"[""owl:Class"",""rdfs:Class""]",false,true positive
knowledgegraph,nell-dbpedia,MatcherHTTPCall,"[""televisionnetwork""]",[],"[""owl:Class"",""rdfs:Class""]",http://rtw.ml.cmu.edu/rtw/kbbrowser/pred:televisionnetwork,=,1.0,http://dbpedia.org/ontology/GrandPrix,"[""GrandPrix""]",[],"[""owl:Class"",""rdfs:Class""]",false,false positive
knowledgegraph,nell-dbpedia,MatcherHTTPCall,"[""bank""]",[],"[""owl:Class"",""rdfs:Class""]",http://rtw.ml.cmu.edu/rtw/kbbrowser/pred:bank,=,1.0,http://dbpedia.org/ontology/Bank,"[""Bank""]",[],"[""owl:Class"",""rdfs:Class""]",false,true positive
knowledgegraph,nell-dbpedia,MatcherHTTPCall,"[""disease""]",[],"[""owl:Class"",""rdfs:Class""]",http://rtw.ml.cmu.edu/rtw/kbbrowser/pred:disease,=,1.0,http://dbpedia.org/ontology/Disease,"[""Disease""]",[],"[""owl:Class"",""rdfs:Class""]",false,true positive
knowledgegraph,nell-dbpedia,MatcherHTTPCall,"[""muscle""]",[],"[""owl:Class"",""rdfs:Class""]",http://rtw.ml.cmu.edu/rtw/kbbrowser/pred:muscle,=,1.0,http://dbpedia.org/ontology/Muscle,"[""Muscle""]",[],"[""owl:Class"",""rdfs:Class""]",false,true positive
knowledgegraph,nell-dbpedia,MatcherHTTPCall,"[""insect""]",[],"[""owl:Class"",""rdfs:Class""]",http://rtw.ml.cmu.edu/rtw/kbbrowser/pred:insect,=,1.0,http://dbpedia.org/ontology/Insect,"[""Insect""]",[],"[""owl:Class"",""rdfs:Class""]",false,true positive
knowledgegraph,nell-dbpedia,MatcherHTTPCall,"[""actor""]",[],"[""owl:Class"",""rdfs:Class""]",http://rtw.ml.cmu.edu/rtw/kbbrowser/pred:actor,=,1.0,http://dbpedia.org/ontology/Actor,"[""Actor""]",[],"[""owl:Class"",""rdfs:Class""]",false,true positive
knowledgegraph,nell-dbpedia,MatcherHTTPCall,"[""cardgame""]",[],"[""owl:Class"",""rdfs:Class""]",http://rtw.ml.cmu.edu/rtw/kbbrowser/pred:cardgame,=,1.0,http://dbpedia.org/ontology/CardGame,"[""CardGame""]",[],"[""owl:Class"",""rdfs:Class""]",true,true positive
knowledgegraph,nell-dbpedia,MatcherHTTPCall,"[""athlete""]",[],"[""owl:Class"",""rdfs:Class""]",http://rtw.ml.cmu.edu/rtw/kbbrowser/pred:athlete,=,1.0,http://dbpedia.org/ontology/Athlete,"[""Athlete""]",[],"[""owl:Class"",""rdfs:Class""]",false,true positive
knowledgegraph,nell-dbpedia,MatcherHTTPCall,"[""scientist""]",[],"[""owl:Class"",""rdfs:Class""]",http://rtw.ml.cmu.edu/rtw/kbbrowser/pred:scientist,=,1.0,http://dbpedia.org/ontology/Scientist,"[""Scientist""]",[],"[""owl:Class"",""rdfs:Class""]",false,true positive
knowledgegraph,nell-dbpedia,MatcherHTTPCall,"[""awardtrophytournament""]",[],"[""owl:Class"",""rdfs:Class""]",http://rtw.ml.cmu.edu/rtw/kbbrowser/pred:awardtrophytournament,=,1.0,http://dbpedia.org/ontology/Publisher,"[""Publisher""]",[],"[""owl:Class"",""rdfs:Class""]",false,false positive
knowledgegraph,nell-dbpedia,MatcherHTTPCall,"[""nonprofitorganization""]",[],"[""owl:Class"",""rdfs:Class""]",http://rtw.ml.cmu.edu/rtw/kbbrowser/pred:nonprofitorganization,=,0.0,http://dbpedia.org/ontology/Non-ProfitOrganisation,"[""Non-ProfitOrganisation""]",[],"[""owl:Class"",""rdfs:Class""]",true,false negative
knowledgegraph,nell-dbpedia,MatcherHTTPCall,"[""comedian""]",[],"[""owl:Class"",""rdfs:Class""]",http://rtw.ml.cmu.edu/rtw/kbbrowser/pred:comedian,=,1.0,http://dbpedia.org/ontology/Comedian,"[""Comedian""]",[],"[""owl:Class"",""rdfs:Class""]",false,true positive
knowledgegraph,nell-dbpedia,MatcherHTTPCall,"[""visualartform""]",[],"[""owl:Class"",""rdfs:Class""]",http://rtw.ml.cmu.edu/rtw/kbbrowser/pred:visualartform,=,0.0,http://dbpedia.org/ontology/Artwork,"[""Artwork""]",[],"[""owl:Class"",""rdfs:Class""]",true,false negative
knowledgegraph,nell-dbpedia,MatcherHTTPCall,"[""grandprix""]",[],"[""owl:Class"",""rdfs:Class""]",http://rtw.ml.cmu.edu/rtw/kbbrowser/pred:grandprix,=,1.0,http://dbpedia.org/ontology/SportsTeam,"[""SportsTeam""]",[],"[""owl:Class"",""rdfs:Class""]",false,false positive
knowledgegraph,nell-dbpedia,MatcherHTTPCall,"[""drug""]",[],"[""owl:Class"",""rdfs:Class""]",http://rtw.ml.cmu.edu/rtw/kbbrowser/pred:drug,=,1.0,http://dbpedia.org/ontology/Drug,"[""Drug""]",[],"[""owl:Class"",""rdfs:Class""]",false,true positive
knowledgegraph,nell-dbpedia,MatcherHTTPCall,"[""bone""]",[],"[""owl:Class"",""rdfs:Class""]",http://rtw.ml.cmu.edu/rtw/kbbrowser/pred:bone,=,1.0,http://dbpedia.org/ontology/Bone,"[""Bone""]",[],"[""owl:Class"",""rdfs:Class""]",false,true positive
knowledgegraph,nell-dbpedia,MatcherHTTPCall,"[""bird""]",[],"[""owl:Class"",""rdfs:Class""]",http://rtw.ml.cmu.edu/rtw/kbbrowser/pred:bird,=,1.0,http://dbpedia.org/ontology/Bird,"[""Bird""]",[],"[""owl:Class"",""rdfs:Class""]",false,true positive
knowledgegraph,nell-dbpedia,MatcherHTTPCall,"[""placeofworship""]",[],"[""owl:Class"",""rdfs:Class""]",http://rtw.ml.cmu.edu/rtw/kbbrowser/pred:placeofworship,=,0.0,http://dbpedia.org/ontology/ReligiousBuilding,"[""ReligiousBuilding""]",[],"[""owl:Class"",""rdfs:Class""]",true,false negative
knowledgegraph,nell-dbpedia,MatcherHTTPCall,"[""chef""]",[],"[""owl:Class"",""rdfs:Class""]",http://rtw.ml.cmu.edu/rtw/kbbrowser/pred:chef,=,1.0,http://dbpedia.org/ontology/Chef,"[""Chef""]",[],"[""owl:Class"",""rdfs:Class""]",false,true positive
knowledgegraph,nell-dbpedia,MatcherHTTPCall,"[""highway""]",[],"[""owl:Class"",""rdfs:Class""]",http://rtw.ml.cmu.edu/rtw/kbbrowser/pred:highway,=,1.0,http://dbpedia.org/ontology/Road,"[""Road""]",[],"[""owl:Class"",""rdfs:Class""]",true,true positive
knowledgegraph,nell-dbpedia,MatcherHTTPCall,"[""convention""]",[],"[""owl:Class"",""rdfs:Class""]",http://rtw.ml.cmu.edu/rtw/kbbrowser/pred:convention,=,1.0,http://dbpedia.org/ontology/Convention,"[""Convention""]",[],"[""owl:Class"",""rdfs:Class""]",false,true positive
knowledgegraph,nell-dbpedia,MatcherHTTPCall,"[""journalist""]",[],"[""owl:Class"",""rdfs:Class""]",http://rtw.ml.cmu.edu/rtw/kbbrowser/pred:journalist,=,1.0,http://dbpedia.org/ontology/Journalist,"[""Journalist""]",[],"[""owl:Class"",""rdfs:Class""]",false,true positive
knowledgegraph,nell-dbpedia,MatcherHTTPCall,"[""televisionshow""]",[],"[""owl:Class"",""rdfs:Class""]",http://rtw.ml.cmu.edu/rtw/kbbrowser/pred:televisionshow,=,1.0,http://dbpedia.org/ontology/TelevisionShow,"[""TelevisionShow""]",[],"[""owl:Class"",""rdfs:Class""]",true,true positive
knowledgegraph,nell-dbpedia,MatcherHTTPCall,"[""lake""]",[],"[""owl:Class"",""rdfs:Class""]",http://rtw.ml.cmu.edu/rtw/kbbrowser/pred:lake,=,1.0,http://dbpedia.org/ontology/Lake,"[""Lake""]",[],"[""owl:Class"",""rdfs:Class""]",false,true positive
knowledgegraph,nell-dbpedia,MatcherHTTPCall,"[""sportsteam""]",[],"[""owl:Class"",""rdfs:Class""]",http://rtw.ml.cmu.edu/rtw/kbbrowser/pred:sportsteam,=,0.0,http://dbpedia.org/ontology/SportsTeam,"[""SportsTeam""]",[],"[""owl:Class"",""rdfs:Class""]",true,false negative
knowledgegraph,nell-dbpedia,MatcherHTTPCall,"[""awardtrophytournament""]",[],"[""owl:Class"",""rdfs:Class""]",http://rtw.ml.cmu.edu/rtw/kbbrowser/pred:awardtrophytournament,=,0.0,http://dbpedia.org/ontology/Award,"[""Award""]",[],"[""owl:Class"",""rdfs:Class""]",true,false negative
knowledgegraph,nell-dbpedia,MatcherHTTPCall,"[""vein""]",[],"[""owl:Class"",""rdfs:Class""]",http://rtw.ml.cmu.edu/rtw/kbbrowser/pred:vein,=,1.0,http://dbpedia.org/ontology/Vein,"[""Vein""]",[],"[""owl:Class"",""rdfs:Class""]",false,true positive
knowledgegraph,nell-dbpedia,MatcherHTTPCall,"[""mediatype""]",[],"[""owl:Class"",""rdfs:Class""]",http://rtw.ml.cmu.edu/rtw/kbbrowser/pred:mediatype,=,1.0,http://dbpedia.org/ontology/Media,"[""Media""]",[],"[""owl:Class"",""rdfs:Class""]",true,true positive
knowledgegraph,nell-dbpedia,MatcherHTTPCall,"[""zoo""]",[],"[""owl:Class"",""rdfs:Class""]",http://rtw.ml.cmu.edu/rtw/kbbrowser/pred:zoo,=,1.0,http://dbpedia.org/ontology/Zoo,"[""Zoo""]",[],"[""owl:Class"",""rdfs:Class""]",false,true positive
knowledgegraph,nell-dbpedia,MatcherHTTPCall,"[""vehicle""]",[],"[""owl:Class"",""rdfs:Class""]",http://rtw.ml.cmu.edu/rtw/kbbrowser/pred:vehicle,=,0.0,http://dbpedia.org/ontology/Automobile,"[""Automobile""]",[],"[""owl:Class"",""rdfs:Class""]",true,false negative
knowledgegraph,nell-dbpedia,MatcherHTTPCall,"[""musicsong""]",[],"[""owl:Class"",""rdfs:Class""]",http://rtw.ml.cmu.edu/rtw/kbbrowser/pred:musicsong,=,0.0,http://dbpedia.org/ontology/Song,"[""Song""]",[],"[""owl:Class"",""rdfs:Class""]",true,false negative
knowledgegraph,nell-dbpedia,MatcherHTTPCall,"[""continent""]",[],"[""owl:Class"",""rdfs:Class""]",http://rtw.ml.cmu.edu/rtw/kbbrowser/pred:continent,=,1.0,http://dbpedia.org/ontology/Continent,"[""Continent""]",[],"[""owl:Class"",""rdfs:Class""]",false,true positive
knowledgegraph,nell-dbpedia,MatcherHTTPCall,"[""mountain""]",[],"[""owl:Class"",""rdfs:Class""]",http://rtw.ml.cmu.edu/rtw/kbbrowser/pred:mountain,=,1.0,http://dbpedia.org/ontology/Mountain,"[""Mountain""]",[],"[""owl:Class"",""rdfs:Class""]",false,true positive
knowledgegraph,nell-dbpedia,MatcherHTTPCall,"[""conference""]",[],"[""owl:Class"",""rdfs:Class""]",http://rtw.ml.cmu.edu/rtw/kbbrowser/pred:conference,=,1.0,http://dbpedia.org/ontology/AcademicConference,"[""AcademicConference""]",[],"[""owl:Class"",""rdfs:Class""]",true,true positive
knowledgegraph,nell-dbpedia,MatcherHTTPCall,"[""academicfield""]",[],"[""owl:Class"",""rdfs:Class""]",http://rtw.ml.cmu.edu/rtw/kbbrowser/pred:academicfield,=,0.0,http://dbpedia.org/ontology/AcademicSubject,"[""AcademicSubject""]",[],"[""owl:Class"",""rdfs:Class""]",true,false negative
knowledgegraph,nell-dbpedia,MatcherHTTPCall,"[""televisionnetwork""]",[],"[""owl:Class"",""rdfs:Class""]",http://rtw.ml.cmu.edu/rtw/kbbrowser/pred:televisionnetwork,=,0.0,http://dbpedia.org/ontology/BroadcastNetwork,"[""BroadcastNetwork""]",[],"[""owl:Class"",""rdfs:Class""]",true,false negative
knowledgegraph,nell-dbpedia,MatcherHTTPCall,"[""olympics""]",[],"[""owl:Class"",""rdfs:Class""]",http://rtw.ml.cmu.edu/rtw/kbbrowser/pred:olympics,=,1.0,http://dbpedia.org/ontology/Olympics,"[""Olympics""]",[],"[""owl:Class"",""rdfs:Class""]",false,true positive
knowledgegraph,nell-dbpedia,MatcherHTTPCall,"[""earthquakeevent""]",[],"[""owl:Class"",""rdfs:Class""]",http://rtw.ml.cmu.edu/rtw/kbbrowser/pred:earthquakeevent,=,1.0,http://dbpedia.org/ontology/Earthquake,"[""Earthquake""]",[],"[""owl:Class"",""rdfs:Class""]",true,true positive
knowledgegraph,nell-dbpedia,MatcherHTTPCall,"[""musicalbum""]",[],"[""owl:Class"",""rdfs:Class""]",http://rtw.ml.cmu.edu/rtw/kbbrowser/pred:musicalbum,=,1.0,http://dbpedia.org/ontology/Album,"[""Album""]",[],"[""owl:Class"",""rdfs:Class""]",true,true positive
knowledgegraph,nell-dbpedia,MatcherHTTPCall,"[""musicartist""]",[],"[""owl:Class"",""rdfs:Class""]",http://rtw.ml.cmu.edu/rtw/kbbrowser/pred:musicartist,=,0.0,http://dbpedia.org/ontology/MusicalArtist,"[""MusicalArtist""]",[],"[""owl:Class"",""rdfs:Class""]",true,false negative
knowledgegraph,nell-dbpedia,MatcherHTTPCall,"[""videogame""]",[],"[""owl:Class"",""rdfs:Class""]",http://rtw.ml.cmu.edu/rtw/kbbrowser/pred:videogame,=,1.0,http://dbpedia.org/ontology/VideoGame,"[""VideoGame""]",[],"[""owl:Class"",""rdfs:Class""]",true,true positive
knowledgegraph,nell-dbpedia,MatcherHTTPCall,"[""ceo""]",[],"[""owl:Class"",""rdfs:Class""]",http://rtw.ml.cmu.edu/rtw/kbbrowser/pred:ceo,=,1.0,http://dbpedia.org/ontology/Award,"[""Award""]",[],"[""owl:Class"",""rdfs:Class""]",false,false positive
knowledgegraph,nell-dbpedia,MatcherHTTPCall,"[""park""]",[],"[""owl:Class"",""rdfs:Class""]",http://rtw.ml.cmu.edu/rtw/kbbrowser/pred:park,=,1.0,http://dbpedia.org/ontology/Park,"[""Park""]",[],"[""owl:Class"",""rdfs:Class""]",false,true positive
knowledgegraph,nell-dbpedia,MatcherHTTPCall,"[""sport""]",[],"[""owl:Class"",""rdfs:Class""]",http://rtw.ml.cmu.edu/rtw/kbbrowser/pred:sport,=,1.0,http://dbpedia.org/ontology/Sport,"[""Sport""]",[],"[""owl:Class"",""rdfs:Class""]",false,true positive
knowledgegraph,nell-dbpedia,MatcherHTTPCall,"[""weapon""]",[],"[""owl:Class"",""rdfs:Class""]",http://rtw.ml.cmu.edu/rtw/kbbrowser/pred:weapon,=,1.0,http://dbpedia.org/ontology/Weapon,"[""Weapon""]",[],"[""owl:Class"",""rdfs:Class""]",false,true positive
knowledgegraph,nell-dbpedia,MatcherHTTPCall,"[""museum""]",[],"[""owl:Class"",""rdfs:Class""]",http://rtw.ml.cmu.edu/rtw/kbbrowser/pred:museum,=,1.0,http://dbpedia.org/ontology/Museum,"[""Museum""]",[],"[""owl:Class"",""rdfs:Class""]",false,true positive
knowledgegraph,nell-dbpedia,MatcherHTTPCall,"[""winery""]",[],"[""owl:Class"",""rdfs:Class""]",http://rtw.ml.cmu.edu/rtw/kbbrowser/pred:winery,=,1.0,http://dbpedia.org/ontology/Winery,"[""Winery""]",[],"[""owl:Class"",""rdfs:Class""]",false,true positive
knowledgegraph,nell-dbpedia,MatcherHTTPCall,"[""ethnicgroup""]",[],"[""owl:Class"",""rdfs:Class""]",http://rtw.ml.cmu.edu/rtw/kbbrowser/pred:ethnicgroup,=,1.0,http://dbpedia.org/ontology/EthnicGroup,"[""EthnicGroup""]",[],"[""owl:Class"",""rdfs:Class""]",true,true positive
knowledgegraph,nell-dbpedia,MatcherHTTPCall,"[""musicsong""]",[],"[""owl:Class"",""rdfs:Class""]",http://rtw.ml.cmu.edu/rtw/kbbrowser/pred:musicsong,=,1.0,http://dbpedia.org/ontology/Poem,"[""Poem""]",[],"[""owl:Class"",""rdfs:Class""]",false,false positive
knowledgegraph,nell-dbpedia,MatcherHTTPCall,"[""politicalparty""]",[],"[""owl:Class"",""rdfs:Class""]",http://rtw.ml.cmu.edu/rtw/kbbrowser/pred:politicalparty,=,1.0,http://dbpedia.org/ontology/PoliticalParty,"[""PoliticalParty""]",[],"[""owl:Class"",""rdfs:Class""]",true,true positive
knowledgegraph,nell-dbpedia,MatcherHTTPCall,"[""archaea""]",[],"[""owl:Class"",""rdfs:Class""]",http://rtw.ml.cmu.edu/rtw/kbbrowser/pred:archaea,=,1.0,http://dbpedia.org/ontology/Archaea,"[""Archaea""]",[],"[""owl:Class"",""rdfs:Class""]",false,true positive
knowledgegraph,nell-dbpedia,MatcherHTTPCall,"[""fungus""]",[],"[""owl:Class"",""rdfs:Class""]",http://rtw.ml.cmu.edu/rtw/kbbrowser/pred:fungus,=,1.0,http://dbpedia.org/ontology/Fungus,"[""Fungus""]",[],"[""owl:Class"",""rdfs:Class""]",false,true positive
knowledgegraph,nell-dbpedia,MatcherHTTPCall,"[""book""]",[],"[""owl:Class"",""rdfs:Class""]",http://rtw.ml.cmu.edu/rtw/kbbrowser/pred:book,=,1.0,http://dbpedia.org/ontology/Book,"[""Book""]",[],"[""owl:Class"",""rdfs:Class""]",false,true positive
knowledgegraph,nell-dbpedia,MatcherHTTPCall,"[""writer""]",[],"[""owl:Class"",""rdfs:Class""]",http://rtw.ml.cmu.edu/rtw/kbbrowser/pred:writer,=,1.0,http://dbpedia.org/ontology/Writer,"[""Writer""]",[],"[""owl:Class"",""rdfs:Class""]",false,true positive
knowledgegraph,nell-dbpedia,MatcherHTTPCall,"[""plant""]",[],"[""owl:Class"",""rdfs:Class""]",http://rtw.ml.cmu.edu/rtw/kbbrowser/pred:plant,=,1.0,http://dbpedia.org/ontology/Plant,"[""Plant""]",[],"[""owl:Class"",""rdfs:Class""]",false,true positive
knowledgegraph,nell-dbpedia,MatcherHTTPCall,"[""braintissue""]",[],"[""owl:Class"",""rdfs:Class""]",http://rtw.ml.cmu.edu/rtw/kbbrowser/pred:braintissue,=,0.0,http://dbpedia.org/ontology/Brain,"[""Brain""]",[],"[""owl:Class"",""rdfs:Class""]",true,false negative
knowledgegraph,nell-dbpedia,MatcherHTTPCall,"[""company""]",[],"[""owl:Class"",""rdfs:Class""]",http://rtw.ml.cmu.edu/rtw/kbbrowser/pred:company,=,1.0,http://dbpedia.org/ontology/Company,"[""Company""]",[],"[""owl:Class"",""rdfs:Class""]",false,true positive
knowledgegraph,nell-dbpedia,MatcherHTTPCall,"[""hotel""]",[],"[""owl:Class"",""rdfs:Class""]",http://rtw.ml.cmu.edu/rtw/kbbrowser/pred:hotel,=,1.0,http://dbpedia.org/ontology/Hotel,"[""Hotel""]",[],"[""owl:Class"",""rdfs:Class""]",false,true positive
knowledgegraph,nell-dbpedia,MatcherHTTPCall,"[""newspaper""]",[],"[""owl:Class"",""rdfs:Class""]",http://rtw.ml.cmu.edu/rtw/kbbrowser/pred:newspaper,=,1.0,http://dbpedia.org/ontology/Newspaper,"[""Newspaper""]",[],"[""owl:Class"",""rdfs:Class""]",false,true positive
knowledgegraph,nell-dbpedia,MatcherHTTPCall,"[""amphibian""]",[],"[""owl:Class"",""rdfs:Class""]",http://rtw.ml.cmu.edu/rtw/kbbrowser/pred:amphibian,=,1.0,http://dbpedia.org/ontology/Amphibian,"[""Amphibian""]",[],"[""owl:Class"",""rdfs:Class""]",false,true positive
knowledgegraph,nell-dbpedia,MatcherHTTPCall,"[""criminal""]",[],"[""owl:Class"",""rdfs:Class""]",http://rtw.ml.cmu.edu/rtw/kbbrowser/pred:criminal,=,1.0,http://dbpedia.org/ontology/Criminal,"[""Criminal""]",[],"[""owl:Class"",""rdfs:Class""]",false,true positive
knowledgegraph,nell-dbpedia,MatcherHTTPCall,"[""movie""]",[],"[""owl:Class"",""rdfs:Class""]",http://rtw.ml.cmu.edu/rtw/kbbrowser/pred:movie,=,1.0,http://dbpedia.org/ontology/Film,"[""Film""]",[],"[""owl:Class"",""rdfs:Class""]",true,true positive
knowledgegraph,nell-dbpedia,MatcherHTTPCall,"[""bridge""]",[],"[""owl:Class"",""rdfs:Class""]",http://rtw.ml.cmu.edu/rtw/kbbrowser/pred:bridge,=,1.0,http://dbpedia.org/ontology/Bridge,"[""Bridge""]",[],"[""owl:Class"",""rdfs:Class""]",false,true positive
knowledgegraph,nell-dbpedia,MatcherHTTPCall,"[""cave""]",[],"[""owl:Class"",""rdfs:Class""]",http://rtw.ml.cmu.edu/rtw/kbbrowser/pred:cave,=,1.0,http://dbpedia.org/ontology/Cave,"[""Cave""]",[],"[""owl:Class"",""rdfs:Class""]",false,true positive
knowledgegraph,nell-dbpedia,MatcherHTTPCall,"[""election""]",[],"[""owl:Class"",""rdfs:Class""]",http://rtw.ml.cmu.edu/rtw/kbbrowser/pred:election,=,1.0,http://dbpedia.org/ontology/Election,"[""Election""]",[],"[""owl:Class"",""rdfs:Class""]",false,true positive
knowledgegraph,nell-dbpedia,MatcherHTTPCall,"[""trainstation""]",[],"[""owl:Class"",""rdfs:Class""]",http://rtw.ml.cmu.edu/rtw/kbbrowser/pred:trainstation,=,1.0,http://dbpedia.org/ontology/RailwayStation,"[""RailwayStation""]",[],"[""owl:Class"",""rdfs:Class""]",true,true positive
knowledgegraph,nell-dbpedia,MatcherHTTPCall,"[""country""]",[],"[""owl:Class"",""rdfs:Class""]",http://rtw.ml.cmu.edu/rtw/kbbrowser/pred:country,=,1.0,http://dbpedia.org/ontology/Country,"[""Country""]",[],"[""owl:Class"",""rdfs:Class""]",false,true positive
knowledgegraph,nell-dbpedia,MatcherHTTPCall,"[""automobileengine""]",[],"[""owl:Class"",""rdfs:Class""]",http://rtw.ml.cmu.edu/rtw/kbbrowser/pred:automobileengine,=,1.0,http://dbpedia.org/ontology/Automobile,"[""Automobile""]",[],"[""owl:Class"",""rdfs:Class""]",false,false positive
knowledgegraph,nell-dbpedia,MatcherHTTPCall,"[""crustacean""]",[],"[""owl:Class"",""rdfs:Class""]",http://rtw.ml.cmu.edu/rtw/kbbrowser/pred:crustacean,=,1.0,http://dbpedia.org/ontology/Crustacean,"[""Crustacean""]",[],"[""owl:Class"",""rdfs:Class""]",false,true positive
knowledgegraph,nell-dbpedia,MatcherHTTPCall,"[""musicfestival""]",[],"[""owl:Class"",""rdfs:Class""]",http://rtw.ml.cmu.edu/rtw/kbbrowser/pred:musicfestival,=,1.0,http://dbpedia.org/ontology/MusicFestival,"[""MusicFestival""]",[],"[""owl:Class"",""rdfs:Class""]",true,true positive
knowledgegraph,nell-dbpedia,MatcherHTTPCall,"[""skiarea""]",[],"[""owl:Class"",""rdfs:Class""]",http://rtw.ml.cmu.edu/rtw/kbbrowser/pred:skiarea,=,1.0,http://dbpedia.org/ontology/SkiArea,"[""SkiArea""]",[],"[""owl:Class"",""rdfs:Class""]",true,true positive
knowledgegraph,nell-dbpedia,MatcherHTTPCall,"[""grandprix""]",[],"[""owl:Class"",""rdfs:Class""]",http://rtw.ml.cmu.edu/rtw/kbbrowser/pred:grandprix,=,0.0,http://dbpedia.org/ontology/GrandPrix,"[""GrandPrix""]",[],"[""owl:Class"",""rdfs:Class""]",true,false negative
knowledgegraph,nell-dbpedia,MatcherHTTPCall,"[""beach""]",[],"[""owl:Class"",""rdfs:Class""]",http://rtw.ml.cmu.edu/rtw/kbbrowser/pred:beach,=,1.0,http://dbpedia.org/ontology/Beach,"[""Beach""]",[],"[""owl:Class"",""rdfs:Class""]",false,true positive
knowledgegraph,nell-dbpedia,MatcherHTTPCall,"[""artery""]",[],"[""owl:Class"",""rdfs:Class""]",http://rtw.ml.cmu.edu/rtw/kbbrowser/pred:artery,=,1.0,http://dbpedia.org/ontology/Artery,"[""Artery""]",[],"[""owl:Class"",""rdfs:Class""]",false,true positive
knowledgegraph,nell-dbpedia,MatcherHTTPCall,"[""stadiumoreventvenue""]",[],"[""owl:Class"",""rdfs:Class""]",http://rtw.ml.cmu.edu/rtw/kbbrowser/pred:stadiumoreventvenue,=,0.0,http://dbpedia.org/ontology/Stadium,"[""Stadium""]",[],"[""owl:Class"",""rdfs:Class""]",true,false negative
knowledgegraph,nell-dbpedia,MatcherHTTPCall,"[""wine""]",[],"[""owl:Class"",""rdfs:Class""]",http://rtw.ml.cmu.edu/rtw/kbbrowser/pred:wine,=,1.0,http://dbpedia.org/ontology/Wine,"[""Wine""]",[],"[""owl:Class"",""rdfs:Class""]",false,true positive
knowledgegraph,nell-dbpedia,MatcherHTTPCall,"[""hospital""]",[],"[""owl:Class"",""rdfs:Class""]",http://rtw.ml.cmu.edu/rtw/kbbrowser/pred:hospital,=,1.0,http://dbpedia.org/ontology/Hospital,"[""Hospital""]",[],"[""owl:Class"",""rdfs:Class""]",false,true positive
knowledgegraph,nell-dbpedia,MatcherHTTPCall,"[""celebrity""]",[],"[""owl:Class"",""rdfs:Class""]",http://rtw.ml.cmu.edu/rtw/kbbrowser/pred:celebrity,=,1.0,http://dbpedia.org/ontology/Celebrity,"[""Celebrity""]",[],"[""owl:Class"",""rdfs:Class""]",false,true positive
knowledgegraph,nell-dbpedia,MatcherHTTPCall,"[""religion""]",[],"[""owl:Class"",""rdfs:Class""]",http://rtw.ml.cmu.edu/rtw/kbbrowser/pred:religion,=,1.0,http://dbpedia.org/ontology/Religious,"[""Religious""]",[],"[""owl:Class"",""rdfs:Class""]",true,true positive
knowledgegraph,nell-dbpedia,MatcherHTTPCall,"[""restaurant""]",[],"[""owl:Class"",""rdfs:Class""]",http://rtw.ml.cmu.edu/rtw/kbbrowser/pred:restaurant,=,1.0,http://dbpedia.org/ontology/Restaurant,"[""Restaurant""]",[],"[""owl:Class"",""rdfs:Class""]",false,true positive
knowledgegraph,nell-dbpedia,MatcherHTTPCall,"[""sportsleague""]",[],"[""owl:Class"",""rdfs:Class""]",http://rtw.ml.cmu.edu/rtw/kbbrowser/pred:sportsleague,=,0.0,http://dbpedia.org/ontology/SportsLeague,"[""SportsLeague""]",[],"[""owl:Class"",""rdfs:Class""]",true,false negative
